{
  "Henry": "South Central",
  "Henry Hub": "South Central",
  "HSC-HPL Pool": "South Central",
  "Houston Ship Channel": "South Central",
  "Katy": "South Central",
  "Katy-Enstor Pool": "South Central",
  "Katy-Lonestar Inter": "South Central",
  "Katy-Lonestar Intra": "South Central",
  "Katy-Oasis": "South Central",
  "Waha": "South Central",
  "GCX Waha Hub": "South Central",
  "Oasis - Waha Pool": "South Central",
  "EP-Waha Pool": "South Central",
  "Arena WTX Pool": "South Central",
  "Agua Dulce Hub": "South Central",
  "Banquete Hub": "South Central",
  "Carthage": "South Central",
  "Midcoast Carthage Hub": "South Central",
  "Gillis Hub": "South Central",
  "Golden Triangle": "South Central",
  "ETC-Cleburne": "South Central",
  "ETC-Maypearl": "South Central",
  "ETC-Tiger Gas (receipt)": "South Central",
  "Enable East Pool": "South Central",
  "Enable West Pool": "South Central",
  "Tres Palacios": "South Central",
  "Tres Palacios (inj)": "South Central",
  "Tres Palacios (w/d)": "South Central",
  "Moss Bluff Inter": "South Central",
  "Pine Prairie": "South Central",
  "Jefferson Island": "South Central",
  "Petal": "South Central",
  "Southern Pines Hub": "South Central",
  "Bay Gas Storage": "South Central",
  "Atmos Zone 3": "South Central",
  "Gulf South - Perryville": "South Central",
  "Trunkline-ELA": "South Central",
  "Trunkline-WLA": "South Central",
  "Trunkline-Z1A": "South Central",
  "TGT-Mainline": "South Central",
  "TGT-North LA": "South Central",
  "TGT-SL": "South Central",
  "EGT-Flex": "South Central",
  "EGT-North": "South Central",
  "EGT-South": "South Central",
  "EGT-West": "South Central",
  "HPL-ETX Pool": "South Central",
  "ENT-STX Map": "South Central",
  "EP-Anadarko": "South Central",
  "EP-Keystone": "South Central",
  "EP-Plains Pool": "South Central",
  "EP-S.Mainline": "South Central",
  "Sonat-Z0 South": "South Central",
  "Sonat-Z1 North": "South Central",
  "Panhandle": "South Central",
  "Southern Star": "South Central",
  "NGPL-AM Pool": "South Central",
  "NGPL-GC Mainline": "South Central",
  "NGPL-LA Pool": "South Central",
  "NGPL-STX": "South Central",
  "NGPL-TXOK East": "South Central",
  "NGPL-TXOK East Stor": "South Central",
  "Chicago": "Midwest",
  "Chicago Citygate": "Midwest",
  "ANR-SE": "Midwest",
  "ANR-SE-T": "Midwest",
  "ANR-SW": "Midwest",
  "Consumers": "Midwest",
  "Michcon": "Midwest",
  "Lebanon": "Midwest",
  "Guardian Hub": "Midwest",
  "Bluewater Hub": "Midwest",
  "NGPL-MidAm": "Midwest",
  "NGPL-Midcont Pool": "Midwest",
  "NGPL-Midcont Stor": "Midwest",
  "NGPL-Nicor": "Midwest",
  "NGPL-Nipsco": "Midwest",
  "NBPL-Vector": "Midwest",
  "NBPL-Ventura": "Midwest",
  "NBPL-Will County": "Midwest",
  "NBPL-Bakken (receipt)": "Midwest",
  "NBPL-Harper": "Midwest",
  "NNG-Demarc": "Midwest",
  "NNG-Mid 1-7": "Midwest",
  "NNG-Mid 8-12": "Midwest",
  "NNG-Ventura": "Midwest",
  "REX E-ANR": "Midwest",
  "REX E-MidW": "Midwest",
  "REX E-NGPL": "Midwest",
  "REX E-PEPL": "Midwest",
  "REX E-Trunk": "Midwest",
  "REX W-ANR": "Midwest",
  "REX W-NNG": "Midwest",
  "REX W-PEPL": "Midwest",
  "Rover (receipt)": "Midwest",
  "Rover-ANR": "Midwest",
  "Rover-PEPL": "Midwest",
  "AGT-CG": "East",
  "AGT-CG (non-G)": "East",
  "Dracut": "East",
  "TETCO-M3": "East",
  "TETCO-Manhattan": "East",
  "TETCO-M2": "East",
  "TETCO-M1 24": "East",
  "TETCO-M1 30": "East",
  "TETCO-ELA": "East",
  "TETCO-ETX": "South Central",
  "Iroquois (into)": "East",
  "Iroquois-Z1": "East",
  "Iroquois-Z2": "East",
  "Iroquois-Z2 Hunts Pt": "East",
  "Clarington": "East",
  "Leidy": "East",
  "Leidy (Top of Diamond)": "East",
  "Leidy-Transco": "East",
  "Dominion South": "East",
  "Millennium": "East",
  "Millennium East Pool": "East",
  "Millennium-Ramapo": "East",
  "Stagecoach": "East",
  "Cove Point": "East",
  "Transco Zn3": "East",
  "Transco-Z5": "East",
  "Transco-Z5 North": "East",
  "Transco-Z5 South": "East",
  "Transco-Z6 (NY)": "East",
  "Transco-Z6 (non-NY north)": "East",
  "Transco-Z6 (non-NY south)": "East",
  "Transco-Z6 (non-NY)": "East",
  "Transco-Z6 (non-NY north ML)": "East",
  "Transco-Z6 Sta-210": "East",
  "Transco-165": "East",
  "Transco-30": "East",
  "Transco-45": "East",
  "Transco-65": "East",
  "Transco-85": "East",
  "Transco-River Road": "East",
  "TGP-500L": "East",
  "TGP-800L": "East",
  "TGP-Mahwah": "East",
  "TGP-Niagara": "East",
  "TGP-Z0 Border Pool": "East",
  "TGP-Z0 North": "East",
  "TGP-Z0 South": "East",
  "TGP-Z1 100L": "East",
  "TGP-Z1 800L Pool": "East",
  "TGP-Z1 Sta-87": "East",
  "TGP-Z4 300L": "East",
  "TGP-Z4 Marcellus": "East",
  "TGP-Z4 Sta-219": "East",
  "TGP-Z4 Sta-313": "East",
  "TGP-Z5 200L": "East",
  "TGP-Z6 200L": "East",
  "TGP-Z6 200L North": "East",
  "TGP-Z6 200L South": "East",
  "TGP-Z6 300L": "East",
  "PNGTS": "East",
  "M&N US": "East",
  "Cheyenne": "Mountain",
  "CIG-Mainline": "Mountain",
  "CIG-Mainline Pool": "Mountain",
  "CIG-Mainline South": "Mountain",
  "REX Cheyenne Comp Pool": "Mountain",
  "EP-SJ Blanco Pool": "Mountain",
  "EP-SJ Bondad Stn": "Mountain",
  "Ruby-Onyx Hill": "Mountain",
  "Ruby-Rec Pool": "Mountain",
  "OGT": "Mountain",
  "ONEOK Westex": "Mountain",
  "Salt Plains Stor": "Mountain",
  "MountainWest-North": "Mountain",
  "MountainWest-South": "Mountain",
  "Socal-Border": "Pacific",
  "Socal-Citygate": "Pacific",
  "Socal-Needles": "Pacific",
  "Socal-Topock (EP)": "Pacific",
  "Socal-Topock (TW)": "Pacific",
  "Socal-WR": "Pacific",
  "Socal-Ehrenberg": "Pacific",
  "Socal-Storage": "Pacific",
  "Socal-KRS": "Pacific",
  "Socal-Kramer": "Pacific",
  "Socal-IT Stor": "Pacific",
  "Socal-Firm Stor": "Pacific",
  "Socal-Topock": "Pacific",
  "PG&E-Citygate": "Pacific",
  "PG&E-Daggett": "Pacific",
  "PG&E-KRS": "Pacific",
  "PG&E-Topock": "Pacific",
  "GTN-Kingsgate": "Pacific",
  "GTN-Malin": "Pacific",
  "GTN-Stanfield": "Pacific",
  "NWP-Rocky Mtn": "Pacific",
  "NWP-Sumas": "Pacific",
  "NWP-Wyoming": "Pacific",
  "AB Pool (inter)": "Other",
  "AB Pool (intra)": "Other",
  "Union-Dawn": "Other",
  "ANR-Joliet Hub": "Midwest",
  "APC-ACE": "Midwest",
  "APC-ANR": "Midwest",
  "APC-MGTC": "Midwest",
  "APC-Nicor": "Midwest",
  "APC-VPC": "Midwest",
  "NBPL-Nicor": "Midwest",
  "NGPL-IA/IL AM Stor": "Midwest",
  "NGPL-IA/IL GC Pool": "Midwest",
  "NGPL-IA/IL GC Stor": "Midwest",
  "PGLC": "Midwest",
  "Bennington": "East",
  "Beverly Salem": "East",
  "Eastern Gas-North": "East",
  "Eastern Gas-South": "East",
  "TCO": "East",
  "TCO-A04 Pool": "East",
  "TCO-A06 Pool": "East",
  "TCO-A08 Pool": "East",
  "TCO-Seg Pool": "East",
  "FGT-CG": "East",
  "FGT-Z1": "East",
  "FGT-Z2": "East",
  "FGT-Z3": "East",
  "Transco": "East",
  "Bobcat Inter": "South Central",
  "Bobcat Stor": "South Central",
  "Egan Inter": "South Central",
  "Egan Stor": "South Central",
  "Gulf S. Pool 16": "South Central",
  "MS Hub": "South Central",
  "MEP-Lamar": "South Central",
  "TETCO-STX": "South Central",
  "TETCO-WLA": "South Central",
  "TW-Blanco": "South Central",
  "TW-Central": "South Central",
  "TW-Panhandle": "South Central",
  "TW-WTX": "South Central",
  "Nortex-Tolar Hub": "South Central",
  "CG-Mainline": "Mountain",
  "CG-Onshore": "Mountain",
  "KRGT-Del Pool": "Mountain",
  "KRGT-Rec Pool": "Mountain",
  "Opal": "Mountain",
  "White River Hub": "Mountain",
  "WIC": "Mountain",
  "Pioneer": "South Central",
  "REX-Z3 (receipt)": "Midwest",
  "REX-Z3 Del Pool": "Midwest",
  "TETCO-M2 (receipt)": "East"
}